gene,cor.spearman,celltype,motif
FOSL1,0.810645064506451,alpha,FOS::JUND
FOSL2,0.711587158715872,beta,FOS::JUND
JUN,0.771617161716172,delta,FOS::JUND
RFX6,0.394251425142514,alpha,Rfx1
RFX4,0.824290429042904,beta,Rfx1
RFX4,0.307710771077108,delta,Rfx1
NEUROD1,0.616801680168017,alpha,NEUROD1
NEUROD1,0.851809180918092,beta,NEUROD1
ATOH1,0.753483348334834,delta,NEUROD1
